{"cameraMode":{"drawMode":0,"name":"Shaded","section":"Shading Mode"},"sceneLighting":true,"audioPlay":false,"sceneViewState":{"showFog":true,"showMaterialUpdate":false,"showSkybox":true,"showFlares":true,"showImageEffects":true,"showParticleSystems":true},"in2DMode":false,"pivot":{"x":19.82118797302246,"y":-59.784549713134769,"z":184.81381225585938},"rotation":{"x":-0.15085256099700929,"y":-0.04713119566440582,"z":0.007148421835154295,"w":-0.9874307513237},"size":110.38444519042969,"orthographic":false}