{"cameraMode":{"drawMode":0,"name":"Shaded","section":"Shading Mode"},"sceneLighting":true,"audioPlay":false,"sceneViewState":{"showFog":true,"showMaterialUpdate":true,"showSkybox":true,"showFlares":true,"showImageEffects":true,"showParticleSystems":true},"in2DMode":false,"pivot":{"x":76.81964111328125,"y":-351.90545654296877,"z":136.738037109375},"rotation":{"x":0.4466157555580139,"y":0.5404003858566284,"z":-0.41682168841362,"w":0.578819990158081},"size":347.50128173828127,"orthographic":false}