{"cameraMode":{"drawMode":0,"name":"Shaded","section":"Shading Mode"},"sceneLighting":false,"audioPlay":false,"sceneViewState":{"showFog":true,"showMaterialUpdate":false,"showSkybox":false,"showFlares":true,"showImageEffects":true,"showParticleSystems":true},"in2DMode":false,"pivot":{"x":-4.036021709442139,"y":6.582427978515625,"z":0.9280837178230286},"rotation":{"x":-0.10819119215011597,"y":-0.709593653678894,"z":0.11166013032197952,"w":-0.6873334050178528},"size":2.5124688148498537,"orthographic":false}